Workbook

Sheet Heatmap
B2: REVENUE | D2: TRANSACTIONS | F2: UNITS SOLD | H2: PER TRANSACTION
B3: =SUM('Store Map Data'!G2:G4) -> 698812.33 | D3: =SUM('Store Map Data'!E2:E4) -> 149116 | F3: =SUM('Store Map Data'!F2:F4) -> 214470 | H3: =SUM('Store Map Data'!G2:G4)/SUM('Store Map Data'!E2:E4) -> 4.6863672
B5: When the queue forms — transactions by day & hour
B7: Day | C7: 6:00 | D7: 7:00 | E7: 8:00 | F7: 9:00 | G7: 10:00 | H7: 11:00 | I7: 12:00 | J7: 13:00 | K7: 14:00 | L7: 15:00 | M7: 16:00 | N7: 17:00 | O7: 18:00 | P7: 19:00 | Q7: 20:00
B8: ='Heatmap Data'!A2 -> Monday | C8: ='Heatmap Data'!B2 -> 661 | D8: ='Heatmap Data'!C2 -> 1992 | E8: ='Heatmap Data'!D2 -> 2482 | F8: ='Heatmap Data'!E2 -> 2494 | G8: ='Heatmap Data'!F2 -> 2612 | H8: ='Heatmap Data'!G2 -> 1478 | I8: ='Heatmap Data'!H2 -> 1308 | ... Q8: ='Heatmap Data'!P2 -> 74
B9: ='Heatmap Data'!A3 -> Tuesday | C9: ='Heatmap Data'!B3 -> 489 | D9: ='Heatmap Data'!C3 -> 1846 | E9: ='Heatmap Data'!D3 -> 2783 | F9: ='Heatmap Data'!E3 -> 2753 | G9: ='Heatmap Data'!F3 -> 2846 | H9: ='Heatmap Data'!G3 -> 1301 | I9: ='Heatmap Data'!H3 -> 1126 | ... Q9: ='Heatmap Data'!P3 -> 140
B10: ='Heatmap Data'!A4 -> Wednesday | C10: ='Heatmap Data'!B4 -> 698 | D10: ='Heatmap Data'!C4 -> 1873 | E10: ='Heatmap Data'!D4 -> 2540 | F10: ='Heatmap Data'!E4 -> 2527 | G10: ='Heatmap Data'!F4 -> 2596 | H10: ='Heatmap Data'!G4 -> 1468 | I10: ='Heatmap Data'!H4 -> 1226 | ... Q10: ='Heatmap Data'!P4 -> 83
B11: ='Heatmap Data'!A5 -> Thursday | C11: ='Heatmap Data'!B5 -> 731 | D11: ='Heatmap Data'!C5 -> 1959 | E11: ='Heatmap Data'!D5 -> 2389 | F11: ='Heatmap Data'!E5 -> 2375 | G11: ='Heatmap Data'!F5 -> 2570 | H11: ='Heatmap Data'!G5 -> 1470 | I11: ='Heatmap Data'!H5 -> 1307 | ... Q11: ='Heatmap Data'!P5 -> 60
B12: ='Heatmap Data'!A6 -> Friday | C12: ='Heatmap Data'!B6 -> 707 | D12: ='Heatmap Data'!C6 -> 1989 | E12: ='Heatmap Data'!D6 -> 2544 | F12: ='Heatmap Data'!E6 -> 2707 | G12: ='Heatmap Data'!F6 -> 2761 | H12: ='Heatmap Data'!G6 -> 1405 | I12: ='Heatmap Data'!H6 -> 1231 | ... Q12: ='Heatmap Data'!P6 -> 80
B13: ='Heatmap Data'!A7 -> Saturday | C13: ='Heatmap Data'!B7 -> 592 | D13: ='Heatmap Data'!C7 -> 1877 | E13: ='Heatmap Data'!D7 -> 2438 | F13: ='Heatmap Data'!E7 -> 2345 | G13: ='Heatmap Data'!F7 -> 2551 | H13: ='Heatmap Data'!G7 -> 1307 | I13: ='Heatmap Data'!H7 -> 1279 | ... Q13: ='Heatmap Data'!P7 -> 91
B14: ='Heatmap Data'!A8 -> Sunday | C14: ='Heatmap Data'!B8 -> 716 | D14: ='Heatmap Data'!C8 -> 1892 | E14: ='Heatmap Data'!D8 -> 2478 | F14: ='Heatmap Data'!E8 -> 2563 | G14: ='Heatmap Data'!F8 -> 2609 | H14: ='Heatmap Data'!G8 -> 1337 | I14: ='Heatmap Data'!H8 -> 1231 | ... Q14: ='Heatmap Data'!P8 -> 75
B16: Busiest hour (sum across all days): | F16: =INDEX(C7:Q7,MATCH(MAX(C19:Q19),C19:Q19,0)) -> 10:00
F17: =MAX(C19:Q19) -> 18545
B19: Hour totals -> | C19: =SUM(C8:C14) -> 4594 | D19: =SUM(D8:D14) -> 13428 | E19: =SUM(E8:E14) -> 17654 | F19: =SUM(F8:F14) -> 17764 | G19: =SUM(G8:G14) -> 18545 | H19: =SUM(H8:H14) -> 9766 | I19: =SUM(I8:I14) -> 8708 | J19: =SUM(J8:J14) -> 8714 | ... Q19: =SUM(Q8:Q14) -> 603

Sheet Store Map Data
A1: store_id | B1: store_location | C1: latitude | D1: longitude | E1: transactions | F1: quantity_sold | G1: revenue
A2: 3 | B2: Astoria | C2: 40.7644 | D2: -73.9235 | E2: 50599 | F2: 70991 | G2: 232243.91
A3: 5 | B3: Lower Manhattan | C3: 40.7128 | D3: -74.006 | E3: 47782 | F3: 71742 | G3: 230057.25
A4: 8 | B4: Hell's Kitchen | C4: 40.7676 | D4: -73.9918 | E4: 50735 | F4: 71737 | G4: 236511.17

Sheet Heatmap Data
A1: day_of_week | B1: 6 | C1: 7 | D1: 8 | E1: 9 | F1: 10 | G1: 11 | H1: 12 | I1: 13 | J1: 14 | K1: 15 | L1: 16 | M1: 17 | N1: 18 | O1: 19 | P1: 20
A2: Monday | B2: 661 | C2: 1992 | D2: 2482 | E2: 2494 | F2: 2612 | G2: 1478 | H2: 1308 | I2: 1267 | J2: 1376 | K2: 1319 | L2: 1355 | M2: 1302 | N2: 1077 | O2: 846 | P2: 74
A3: Tuesday | B3: 489 | C3: 1846 | D3: 2783 | E3: 2753 | F3: 2846 | G3: 1301 | H3: 1126 | I3: 1152 | J3: 1224 | K3: 1254 | L3: 1227 | M3: 1232 | N3: 957 | O3: 872 | P3: 140
A4: Wednesday | B4: 698 | C4: 1873 | D4: 2540 | E4: 2527 | F4: 2596 | G4: 1468 | H4: 1226 | I4: 1311 | J4: 1257 | K4: 1270 | L4: 1272 | M4: 1235 | N4: 1118 | O4: 836 | P4: 83
A5: Thursday | B5: 731 | C5: 1959 | D5: 2389 | E5: 2375 | F5: 2570 | G5: 1470 | H5: 1307 | I5: 1317 | J5: 1341 | K5: 1323 | L5: 1406 | M5: 1311 | N5: 1125 | O5: 970 | P5: 60
A6: Friday | B6: 707 | C6: 1989 | D6: 2544 | E6: 2707 | F6: 2761 | G6: 1405 | H6: 1231 | I6: 1199 | J6: 1265 | K6: 1295 | L6: 1257 | M6: 1226 | N6: 1149 | O6: 886 | P6: 80
A7: Saturday | B7: 592 | C7: 1877 | D7: 2438 | E7: 2345 | F7: 2551 | G7: 1307 | H7: 1279 | I7: 1187 | J7: 1226 | K7: 1287 | L7: 1287 | M7: 1178 | N7: 1019 | O7: 846 | P7: 91
A8: Sunday | B8: 716 | C8: 1892 | D8: 2478 | E8: 2563 | F8: 2609 | G8: 1337 | H8: 1231 | I8: 1281 | J8: 1244 | K8: 1231 | L8: 1289 | M8: 1261 | N8: 1053 | O8: 836 | P8: 75
